child_id,publisher
https://openalex.org/P4310319955,Elsevier BV
https://openalex.org/P4310320330,Springer Nature
https://openalex.org/P4310320061,American Institute of Physics
https://openalex.org/P4310315810,OMICS Publishing Group
https://openalex.org/P4310315809,Wiley
https://openalex.org/P4310316602,American Psychiatric Association
https://openalex.org/P4320800570,American Psychiatric Association
https://openalex.org/P4310319479,Seoul National University
https://openalex.org/P4310314288,Czech Academy of Sciences
https://openalex.org/P4310316146,American Library Association
https://openalex.org/P4310319866,Austrian Academy of Sciences
https://openalex.org/P4310320256,Springer Nature
https://openalex.org/P4310320186,Springer Science+Business Media
https://openalex.org/P4310321073,Vandenhoeck & Ruprecht
https://openalex.org/P4310319919,Springer Science+Business Media
https://openalex.org/P4310320561,De Gruyter Brill
https://openalex.org/P4310311688,Royal Society
https://openalex.org/P4310315673,Elsevier BV
https://openalex.org/P4310316130,Stanford University
https://openalex.org/P4310320558,American Chemical Society
https://openalex.org/P4310321208,Elsevier BV
https://openalex.org/P4310317116,Taylor & Francis
https://openalex.org/P4310317472,Polish Academy of Sciences
https://openalex.org/P4310316200,Columbia University
https://openalex.org/P4310320584,Taylor & Francis
https://openalex.org/P4310316779,Springer Nature
https://openalex.org/P4310320098,Czech Academy of Sciences
https://openalex.org/P4310313990,De Gruyter Brill
https://openalex.org/P4310321051,De Gruyter
https://openalex.org/P4310314282,De Gruyter
https://openalex.org/P4310320322,De Gruyter
https://openalex.org/P4310312768,Academy of Sciences of the USSR
https://openalex.org/P4310320348,Taylor & Francis
https://openalex.org/P4310315698,Duke University
https://openalex.org/P4310316275,Harvard University
https://openalex.org/P4310319748,Science Press
NA,European Mathematical Society
https://openalex.org/P4310320339,University of California
https://openalex.org/P4310314232,Charles University
https://openalex.org/P4310314498,University of Ljubljana
https://openalex.org/P4310314526,University of Ljubljana
https://openalex.org/P4310312666,Russian Academy of Sciences
https://openalex.org/P4310314351,Charles University
NA,Fordham University
https://openalex.org/P4310320848,IMR Press
https://openalex.org/P4310321135,Thieme Medical Publishers (Germany)
https://openalex.org/P4310312632,Russian Academy of Sciences
https://openalex.org/P4310320295,Harvard University
https://openalex.org/P4310315711,Harvard University
https://openalex.org/P4310320374,Taylor & Francis
https://openalex.org/P4310319869,Wiley
https://openalex.org/P4310316866,Stanford University
https://openalex.org/P4310320753,Institute of Electrical and Electronics Engineers
https://openalex.org/P4310316002,Institute of Electrical and Electronics Engineers
https://openalex.org/P4310320439,Institute of Electrical and Electronics Engineers
https://openalex.org/P4310321340,Institute of Electrical and Electronics Engineers
https://openalex.org/P4310322189,Institute of Electrical and Electronics Engineers
https://openalex.org/P4310322504,Institute of Electrical and Electronics Engineers
https://openalex.org/P4310320755,Institute of Electrical and Electronics Engineers
https://openalex.org/P4310322178,Institute of Electrical and Electronics Engineers
https://openalex.org/P4310322244,Institute of Electrical and Electronics Engineers
https://openalex.org/P4310321027,Institute of Electrical and Electronics Engineers
https://openalex.org/P4310319510,Korea University
https://openalex.org/P4310315935,Indiana University
https://openalex.org/P4310319732,Indiana University
https://openalex.org/P4310316241,Indiana University
https://openalex.org/P4310322216,National Academy of Sciences of Ukraine
https://openalex.org/P4310322609,Seoul National University
https://openalex.org/P4310314410,Czech Academy of Sciences
https://openalex.org/P4310317278,Polish Academy of Sciences
https://openalex.org/P4310316321,University of Colorado Boulder
https://openalex.org/P4310314347,Czech Academy of Sciences
https://openalex.org/P4310317414,Polish Academy of Sciences
https://openalex.org/P4310314349,Czech Academy of Sciences
https://openalex.org/P4310314425,Czech Academy of Sciences
https://openalex.org/P4310314203,Czech Academy of Sciences
https://openalex.org/P4310314208,Czech Academy of Sciences
https://openalex.org/P4310314217,Czech Academy of Sciences
https://openalex.org/P4310317331,Polish Academy of Sciences
https://openalex.org/P4310314215,Czech Academy of Sciences
https://openalex.org/P4310314340,Czech Academy of Sciences
https://openalex.org/P4310311977,University of São Paulo
https://openalex.org/P4310322158,Czech Academy of Sciences
https://openalex.org/P4310322009,National Academy of Sciences of Ukraine
https://openalex.org/P4310322512,National Academy of Sciences of Ukraine
https://openalex.org/P4310317262,Polish Academy of Sciences
https://openalex.org/P4310317382,Polish Academy of Sciences
https://openalex.org/P4310314179,Czech Academy of Sciences
https://openalex.org/P4310317267,Polish Academy of Sciences
https://openalex.org/P4310314380,Czech Academy of Sciences
https://openalex.org/P4310314155,Czech Academy of Sciences
https://openalex.org/P4310314336,Czech Academy of Sciences
https://openalex.org/P4310317433,Polish Academy of Sciences
https://openalex.org/P4310314301,Czech Academy of Sciences
https://openalex.org/P4310320060,Czech Academy of Sciences
https://openalex.org/P4310312601,Federal Center of Theoretical and Applied Sociology of the Russian Academy of Sciences
https://openalex.org/P4310317334,Polish Academy of Sciences
https://openalex.org/P4310314297,Czech Academy of Sciences
https://openalex.org/P4310320653,Polish Academy of Sciences
https://openalex.org/P4310314228,Czech Academy of Sciences
https://openalex.org/P4310319775,Masaryk University
https://openalex.org/P4310316166,United Nations
https://openalex.org/P4310320555,Wiley
https://openalex.org/P4310321811,Academy of Sciences of the USSR
https://openalex.org/P4310320083,Institute of Physics
https://openalex.org/P4310318577,SAGE Publishing
https://openalex.org/P4310319879,Springer Nature
https://openalex.org/P4310321322,Harvard University
https://openalex.org/P4310315678,Johns Hopkins University
https://openalex.org/P4310317420,Polish Academy of Sciences
https://openalex.org/P4310311857,University of London
https://openalex.org/P4310321277,Academy of Sciences of the USSR
https://openalex.org/P4310314437,Czech Academy of Sciences
https://openalex.org/P4310315671,Wolters Kluwer
https://openalex.org/P4310314509,University of Ljubljana
https://openalex.org/P4310319820,Pleiades Publishing
https://openalex.org/P4310315688,Arizona State University
https://openalex.org/P4310320047,Czech Academy of Sciences
https://openalex.org/P4310314144,Masaryk University
https://openalex.org/P4310313747,Max Planck Society
https://openalex.org/P4310313864,Max Planck Society
https://openalex.org/P4310320448,Wolters Kluwer
https://openalex.org/P4310316856,Michigan State University
https://openalex.org/P4310315741,Michigan State University
https://openalex.org/P4310317502,Polish Academy of Sciences
https://openalex.org/P4310316030,Harvard University
https://openalex.org/P4310312546,University of São Paulo
https://openalex.org/P4310319922,Thieme Medical Publishers (Germany)
https://openalex.org/P4310319799,National Institutes of Health
https://openalex.org/P4310315807,National Institutes of Health
https://openalex.org/P4310319908,Springer Nature
https://openalex.org/P4366736682,Springer Nature
https://openalex.org/P4310320007,Russian Academy of Sciences
https://openalex.org/P4310317444,Polish Academy of Sciences
NA,New York University
https://openalex.org/P4310316021,New York University
https://openalex.org/P4310319939,C.H. Beck
https://openalex.org/P4323430492,C.H. Beck
https://openalex.org/P4310314309,Czech Academy of Sciences
https://openalex.org/P4310319703,Springer Nature
https://openalex.org/P4310316868,World Health Organization
https://openalex.org/P4310320267,Springer Nature
https://openalex.org/P4310320460,Bristol University Press
https://openalex.org/P4310311608,Biochemical Society
https://openalex.org/P4310315874,Princeton University
https://openalex.org/P4310314315,Charles University
https://openalex.org/P4310313016,OMICS Publishing Group
NA,Nomos
https://openalex.org/P4310319847,Taylor & Francis
https://openalex.org/P4310320479,Elsevier BV
https://openalex.org/P4310313753,Thieme Medical Publishers (Germany)
https://openalex.org/P4310312461,University of São Paulo
https://openalex.org/P4310311649,University of London
https://openalex.org/P4310321726,OMICS Publishing Group
https://openalex.org/P4310312755,Russian Academy of Sciences
https://openalex.org/P4310319985,Springer Nature
https://openalex.org/P4310319842,Springer Science+Business Media
https://openalex.org/P4310319972,Springer Nature
https://openalex.org/P4310320090,Springer Nature
https://openalex.org/P4310320108,Springer Nature
https://openalex.org/P4310319900,Springer Nature
https://openalex.org/P4310321666,Springer Nature
https://openalex.org/P4310319986,Springer Nature
https://openalex.org/P4310314168,Czech Academy of Sciences
https://openalex.org/P4310316106,"University of California, Berkeley"
https://openalex.org/P4310316407,"University of California, Los Angeles"
https://openalex.org/P4310315794,"University of California, Los Angeles"
https://openalex.org/P4310315942,"University of California, Los Angeles"
https://openalex.org/P4310316161,"University of California, Los Angeles"
https://openalex.org/P4310311059,United Nations
https://openalex.org/P4310314114,Aschehoug
https://openalex.org/P4310315392,National University of Ireland
https://openalex.org/P4310315388,National University of Ireland
https://openalex.org/P4310311798,University of London
https://openalex.org/P4310322727,Goethe University Frankfurt
https://openalex.org/P4310316178,University of California
https://openalex.org/P4310316198,University of California
https://openalex.org/P4310315571,University of California
https://openalex.org/P4310315575,University of California
https://openalex.org/P4310315789,University of California
https://openalex.org/P4310315693,University of California
https://openalex.org/P4310316229,University of California
https://openalex.org/P4310315672,University of Chicago
https://openalex.org/P4310316710,University of Colorado
https://openalex.org/P4310316787,University of Colorado
https://openalex.org/P4310315997,University of Georgia
https://openalex.org/P4310315934,University of Michigan
https://openalex.org/P4310319947,University of Pennsylvania
https://openalex.org/P4310316159,University of Texas at Austin
https://openalex.org/P4310320517,University of Toronto
https://openalex.org/P4310316826,University of Washington
https://openalex.org/P4310320014,Brill
https://openalex.org/P4310312935,University of Toronto
https://openalex.org/P4310321318,American University
https://openalex.org/P4310321151,Wiley
https://openalex.org/P4310320253,Wiley
https://openalex.org/P4310317351,Polish Academy of Sciences
https://openalex.org/P4310315860,Wolters Kluwer
https://openalex.org/P4310319663,United Nations
