child_id,parent_id,child_name,parent_name
https://openalex.org/P4310319955,https://openalex.org/P4310320990,Academic Press,Elsevier BV
https://openalex.org/P4310320330,https://openalex.org/P4310319965,"Adis, Springer Healthcare",Springer Nature
https://openalex.org/P4310320061,https://openalex.org/P4310320257,AIP Publishing,American Institute of Physics
https://openalex.org/P4310315810,https://openalex.org/P4310320466,Allied Academies,OMICS Publishing Group
https://openalex.org/P4310315809,https://openalex.org/P4310320595,American Geophysical Union,Wiley
https://openalex.org/P4310316602,https://openalex.org/P4310316602,American Psychiatric Association,American Psychiatric Association
https://openalex.org/P4320800570,https://openalex.org/P4310316602,American Psychiatric Association Publishing,American Psychiatric Association
https://openalex.org/P4310319479,https://openalex.org/P4310319466,American Studies Institute,Seoul National University
https://openalex.org/P4310314288,https://openalex.org/P4310314171,Archeologický ústav (Československá akademie věd). Pobočka v Brně,Czech Academy of Sciences
https://openalex.org/P4310316146,https://openalex.org/P4310315903,Association of College and Research Libraries,American Library Association
https://openalex.org/P4310319866,https://openalex.org/P4310317906,Austrian Academy of Sciences Press,Austrian Academy of Sciences
https://openalex.org/P4310320256,https://openalex.org/P4310319965,BioMed Central,Springer Nature
https://openalex.org/P4310320186,https://openalex.org/P4310319965,Birkhäuser,Springer Nature
https://openalex.org/P4310321073,https://openalex.org/P4310313990,Böhlau Verlag,De Gruyter Brill
https://openalex.org/P4310319919,https://openalex.org/P4310319965,Bohn Stafleu van Loghum,Springer Nature
https://openalex.org/P4310320561,https://openalex.org/P4310313990,Brill,De Gruyter Brill
https://openalex.org/P4310311688,https://openalex.org/P4310319787,British Academy,Royal Society
https://openalex.org/P4310315673,https://openalex.org/P4310320990,Cell Press,Elsevier BV
https://openalex.org/P4310316130,https://openalex.org/P4310316103,Center for the Study of Language & Information,Stanford University
https://openalex.org/P4310320558,https://openalex.org/P4310320006,Chemical Abstracts Service,American Chemical Society
https://openalex.org/P4310321208,https://openalex.org/P4310320990,Churchill Livingstone,Elsevier BV
https://openalex.org/P4310317116,https://openalex.org/P4310320547,Co-Action Publishing,Taylor & Francis
https://openalex.org/P4310317472,https://openalex.org/P4310317485,Collegium Civitas,Polish Academy of Sciences
https://openalex.org/P4310316200,https://openalex.org/P4310316010,Columbia University Press,Columbia University
https://openalex.org/P4310320584,https://openalex.org/P4310320547,CRC Press,Taylor & Francis
https://openalex.org/P4310316779,https://openalex.org/P4310319965,"Cureus, Inc.",Springer Nature
https://openalex.org/P4310320098,https://openalex.org/P4310314171,Czech Botanical Society,Czech Academy of Sciences
https://openalex.org/P4310313990,https://openalex.org/P4310313990,De Gruyter,De Gruyter Brill
https://openalex.org/P4310321051,https://openalex.org/P4310313990,De Gruyter Mouton,De Gruyter Brill
https://openalex.org/P4310314282,https://openalex.org/P4310313990,De Gruyter Online,De Gruyter Brill
https://openalex.org/P4310320322,https://openalex.org/P4310313990,De Gruyter Open,De Gruyter Brill
https://openalex.org/P4310312768,https://openalex.org/P4310321756,Department of Biological Sciences,Academy of Sciences of the USSR
https://openalex.org/P4310320348,https://openalex.org/P4310320547,Dover Medical Press,Taylor & Francis
https://openalex.org/P4310315698,https://openalex.org/P4310315572,Duke University Press,Duke University
https://openalex.org/P4310316275,https://openalex.org/P4310316284,Dumbarton Oaks,Harvard University
https://openalex.org/P4310319748,https://openalex.org/P4310319982,EDP Sciences,Science Press
https://openalex.org/P4310320339,https://openalex.org/P4310316177,"eScholarship Publishing, University of California",University of California
https://openalex.org/P4310314232,https://openalex.org/P4310314207,"Faculty of Arts, Charles University in Prague",Charles University
https://openalex.org/P4310314498,https://openalex.org/P4310314477,Faculty of Law – University of Ljubljana,University of Ljubljana
https://openalex.org/P4310314526,https://openalex.org/P4310314477,Faculty of Theology – University of Ljubljana,University of Ljubljana
https://openalex.org/P4310312666,https://openalex.org/P4310320535,Federal Center of Theoretical and Applied Sociology of the Russian Academy of Sciences,Russian Academy of Sciences
https://openalex.org/P4310314351,https://openalex.org/P4310314207,"First Faculty of Medicine, Charles University",Charles University
https://openalex.org/P4310320848,https://openalex.org/P4310322753,Frontiers in Bioscience,IMR Press
https://openalex.org/P4310321135,https://openalex.org/P4310320000,Georg Thieme Verlag,Thieme Medical Publishers (Germany)
https://openalex.org/P4310312632,https://openalex.org/P4310320535,Gorky Institute of World Literature,Russian Academy of Sciences
https://openalex.org/P4310320295,https://openalex.org/P4310316284,Harvard Law School,Harvard University
https://openalex.org/P4310315711,https://openalex.org/P4310316284,Harvard University Press,Harvard University
https://openalex.org/P4310320374,https://openalex.org/P4310320547,Heldref Publications,Taylor & Francis
https://openalex.org/P4310319869,https://openalex.org/P4310320595,Hindawi Publishing Corporation,Wiley
https://openalex.org/P4310316866,https://openalex.org/P4310316103,Hoover Institution,Stanford University
https://openalex.org/P4310320753,https://openalex.org/P4310319808,IEEE Antennas & Propagation Society,Institute of Electrical and Electronics Engineers
https://openalex.org/P4310316002,https://openalex.org/P4310319808,IEEE Communications Society,Institute of Electrical and Electronics Engineers
https://openalex.org/P4310320439,https://openalex.org/P4310319808,IEEE Computer Society,Institute of Electrical and Electronics Engineers
https://openalex.org/P4310321340,https://openalex.org/P4310319808,IEEE Council on Superconductivity,Institute of Electrical and Electronics Engineers
https://openalex.org/P4310322189,https://openalex.org/P4310319808,IEEE Education Society,Institute of Electrical and Electronics Engineers
https://openalex.org/P4310322504,https://openalex.org/P4310319808,IEEE Engineering in Medicine and Biology Society,Institute of Electrical and Electronics Engineers
https://openalex.org/P4310320755,https://openalex.org/P4310319808,IEEE Magnetics Society,Institute of Electrical and Electronics Engineers
https://openalex.org/P4310322178,https://openalex.org/P4310319808,IEEE Photonics Society,Institute of Electrical and Electronics Engineers
https://openalex.org/P4310322244,https://openalex.org/P4310319808,IEEE Power & Energy Society,Institute of Electrical and Electronics Engineers
https://openalex.org/P4310321027,https://openalex.org/P4310319808,IEEE Sensors Council,Institute of Electrical and Electronics Engineers
https://openalex.org/P4310319510,https://openalex.org/P4310319515,Ilmin International Relations Institute,Korea University
https://openalex.org/P4310315935,https://openalex.org/P4310315561,Indiana University Bloomington,Indiana University
https://openalex.org/P4310319732,https://openalex.org/P4310315561,Indiana University Press,Indiana University
https://openalex.org/P4310316241,https://openalex.org/P4310315561,Indiana University – Purdue University Indianapolis,Indiana University
https://openalex.org/P4310322216,https://openalex.org/P4310321802,Institute for Condensed Matter Physics of NAS of Ukraine,National Academy of Sciences of Ukraine
https://openalex.org/P4310322609,https://openalex.org/P4310319466,"Institute for Russian, East European and Eurasian Studies",Seoul National University
https://openalex.org/P4310314410,https://openalex.org/P4310314171,Institute of Archaeology of the Czech Academy of Sciences,Czech Academy of Sciences
https://openalex.org/P4310317278,https://openalex.org/P4310317485,Institute of Archeology and Ethnology of the Polish Academy of Sciences,Polish Academy of Sciences
https://openalex.org/P4310316321,https://openalex.org/P4310315742,Institute of Arctic and Alpine Research,University of Colorado
https://openalex.org/P4310314347,https://openalex.org/P4310314171,Institute of Art History of the Czech Academy of Sciences,Czech Academy of Sciences
https://openalex.org/P4310317414,https://openalex.org/P4310317485,Institute of Art of the Polish Academy of Sciences,Polish Academy of Sciences
https://openalex.org/P4310314349,https://openalex.org/P4310314171,Institute of Contemporary History of the Czech Academy of Sciences,Czech Academy of Sciences
https://openalex.org/P4310314425,https://openalex.org/P4310314171,"Institute of Czech Literature, Czech Academy of Sciences",Czech Academy of Sciences
https://openalex.org/P4310314203,https://openalex.org/P4310314171,Institute of Entomology,Czech Academy of Sciences
https://openalex.org/P4310314208,https://openalex.org/P4310314171,"Institute of Ethnology, Czech Academy of Sciences",Czech Academy of Sciences
https://openalex.org/P4310314217,https://openalex.org/P4310314171,Institute of Experimental Botany of the Czech Academy of Sciences,Czech Academy of Sciences
https://openalex.org/P4310317331,https://openalex.org/P4310317485,Institute of History,Polish Academy of Sciences
https://openalex.org/P4310314215,https://openalex.org/P4310314171,"Institute of History, Czech Academy of Sciences",Czech Academy of Sciences
https://openalex.org/P4310314340,https://openalex.org/P4310314171,Institute of Information Theory and Automation of the Czech Academy of Sciences,Czech Academy of Sciences
https://openalex.org/P4310311977,https://openalex.org/P4310312331,"Institute of Mathematics and Statistics, University of São Paulo",University of São Paulo
https://openalex.org/P4310322158,https://openalex.org/P4310314171,Institute of Mathematics of the Czech Academy of Sciences,Czech Academy of Sciences
https://openalex.org/P4310322009,https://openalex.org/P4310321802,Institute of Mathematics of the National Academy of Sciences of Ukraine,National Academy of Sciences of Ukraine
https://openalex.org/P4310322512,https://openalex.org/P4310321802,Institute of Molecular Biology and Genetics of NASU,National Academy of Sciences of Ukraine
https://openalex.org/P4310317262,https://openalex.org/P4310317485,"Institute of Nature Conservation, Polish Academy of Sciences",Polish Academy of Sciences
https://openalex.org/P4310317382,https://openalex.org/P4310317485,Institute of Paleobiology,Polish Academy of Sciences
https://openalex.org/P4310314179,https://openalex.org/P4310314171,Institute of Parasitology of the Czech Academy of Sciences,Czech Academy of Sciences
https://openalex.org/P4310317267,https://openalex.org/P4310317485,Institute of Philosophy and Sociology of the Polish Academy of Sciences,Polish Academy of Sciences
https://openalex.org/P4310314380,https://openalex.org/P4310314171,"Institute of Philosophy, Czech Academy of Sciences",Czech Academy of Sciences
https://openalex.org/P4310314155,https://openalex.org/P4310314171,Institute of Physiology of the Czech Academy of Sciences,Czech Academy of Sciences
https://openalex.org/P4310314336,https://openalex.org/P4310314171,Institute of Rock Structure and Mechanics,Czech Academy of Sciences
https://openalex.org/P4310317433,https://openalex.org/P4310317485,Institute of Slavic Studies,Polish Academy of Sciences
https://openalex.org/P4310314301,https://openalex.org/P4310314171,Institute of Slavonic Studies of the Academy of Sciences of the Czech Republic,Czech Academy of Sciences
https://openalex.org/P4310320060,https://openalex.org/P4310314171,Institute of Sociology,Czech Academy of Sciences
https://openalex.org/P4310312601,https://openalex.org/P4310312667,Institute of Sociology,Federal Center of Theoretical and Applied Sociology of the Russian Academy of Sciences
https://openalex.org/P4310317334,https://openalex.org/P4310317485,"Institute of Systematics and Evolution of Animals, Polish Academy of Sciences",Polish Academy of Sciences
https://openalex.org/P4310314297,https://openalex.org/P4310314171,Institute of the Czech Language,Czech Academy of Sciences
https://openalex.org/P4310320653,https://openalex.org/P4310317485,Institute of the Polish Language,Polish Academy of Sciences
https://openalex.org/P4310314228,https://openalex.org/P4310314171,Institute of Vertebrate Biology,Czech Academy of Sciences
https://openalex.org/P4310319775,https://openalex.org/P4310314295,International Institute of Political Science of Masaryk University,Masaryk University
https://openalex.org/P4310316166,https://openalex.org/P4310321776,International Monetary Fund,United Nations
https://openalex.org/P4310320555,https://openalex.org/P4310320595,International Union of Crystallography,Wiley
https://openalex.org/P4310321811,https://openalex.org/P4310321756,Ioffe Institute,Academy of Sciences of the USSR
https://openalex.org/P4310320083,https://openalex.org/P4310311669,IOP Publishing,Institute of Physics
https://openalex.org/P4310318577,https://openalex.org/P4310320017,IOS Press,SAGE Publishing
https://openalex.org/P4310319879,https://openalex.org/P4310319965,J.B. Metzler,Springer Nature
https://openalex.org/P4310321322,https://openalex.org/P4310316284,John F. Kennedy School of Government,Harvard University
https://openalex.org/P4310315678,https://openalex.org/P4310316510,Johns Hopkins University Press,Johns Hopkins University
https://openalex.org/P4310317420,https://openalex.org/P4310317485,Kielanowski Institute of Animal Physiology and Nutrition,Polish Academy of Sciences
https://openalex.org/P4310311857,https://openalex.org/P4310311730,King's College London,University of London
https://openalex.org/P4310321277,https://openalex.org/P4310321756,Lebedev Physical Institute,Academy of Sciences of the USSR
https://openalex.org/P4310314437,https://openalex.org/P4310314171,Library of the Czech Academy of Sciences,Czech Academy of Sciences
https://openalex.org/P4310315671,https://openalex.org/P4310318547,Lippincott Williams & Wilkins,Wolters Kluwer
https://openalex.org/P4310314509,https://openalex.org/P4310314477,"Ljubljana University Press, Faculty of Arts",University of Ljubljana
https://openalex.org/P4310319820,https://openalex.org/P4310319965,MAIK Nauka/Interperiodica,Springer Nature
https://openalex.org/P4310315688,https://openalex.org/P4310316012,Mary Lou Fulton Teachers College,Arizona State University
https://openalex.org/P4310320047,https://openalex.org/P4310314171,Masaryk Institute and Archive,Czech Academy of Sciences
https://openalex.org/P4310314144,https://openalex.org/P4310314295,Masaryk University Faculty of Science,Masaryk University
https://openalex.org/P4310313747,https://openalex.org/P4310313913,Max Planck Institute for Demographic Research,Max Planck Society
https://openalex.org/P4310313864,https://openalex.org/P4310313913,Max Planck Institute for Legal History and Legal Theory,Max Planck Society
https://openalex.org/P4310320448,https://openalex.org/P4310318547,Medknow,Wolters Kluwer
https://openalex.org/P4310316856,https://openalex.org/P4310316364,Michigan State University College of Law,Michigan State University
https://openalex.org/P4310315741,https://openalex.org/P4310316364,Michigan State University Press,Michigan State University
https://openalex.org/P4310317502,https://openalex.org/P4310317485,Museum and Institute of Zoology,Polish Academy of Sciences
https://openalex.org/P4310316030,https://openalex.org/P4310316284,Museum of Comparative Zoology,Harvard University
https://openalex.org/P4310312546,https://openalex.org/P4310312331,Museum of Zoology of the University of São Paulo,University of São Paulo
https://openalex.org/P4310319922,https://openalex.org/P4310320000,MVS Medizinverlage Stuttgart,Thieme Medical Publishers (Germany)
https://openalex.org/P4310319799,https://openalex.org/P4310316754,National Institute of Environmental Health Sciences,National Institutes of Health
https://openalex.org/P4310315807,https://openalex.org/P4310316754,National Institute on Alcohol Abuse and Alcoholism,National Institutes of Health
https://openalex.org/P4310319908,https://openalex.org/P4310319965,Nature Portfolio,Springer Nature
https://openalex.org/P4366736682,https://openalex.org/P4310319965,Nature Publishing Group,Springer Nature
https://openalex.org/P4310320007,https://openalex.org/P4310320535,Nauka,Russian Academy of Sciences
https://openalex.org/P4310317444,https://openalex.org/P4310317485,Nencki Institute of Experimental Biology,Polish Academy of Sciences
https://openalex.org/P4310316021,https://openalex.org/P4310315946,New York University School of Law,New York University
https://openalex.org/P4310319939,https://openalex.org/P4310320552,Nomos,C.H. Beck
https://openalex.org/P4323430492,https://openalex.org/P4310320552,Nomos Verlagsgesellschaft mbH and Co,C.H. Beck
https://openalex.org/P4310314309,https://openalex.org/P4310314171,"Oriental Institute, ASCR",Czech Academy of Sciences
https://openalex.org/P4310319703,https://openalex.org/P4310319965,Palgrave Macmillan,Springer Nature
https://openalex.org/P4310316868,https://openalex.org/P4310319664,Pan American Health Organization,World Health Organization
https://openalex.org/P4310320267,https://openalex.org/P4310319965,Pleiades Publishing,Springer Nature
https://openalex.org/P4310311608,https://openalex.org/P4310311715,Portland Press,Biochemical Society
https://openalex.org/P4310315874,https://openalex.org/P4310316273,Princeton School of Public and International Affairs,Princeton University
https://openalex.org/P4310314315,https://openalex.org/P4310314207,Protestant Theological Faculty – Charles University,Charles University
https://openalex.org/P4310313016,https://openalex.org/P4310320466,Pulsus Group,OMICS Publishing Group
https://openalex.org/P4310319847,https://openalex.org/P4310320547,Routledge,Taylor & Francis
https://openalex.org/P4310320479,https://openalex.org/P4310320990,Saunders,Elsevier BV
https://openalex.org/P4310313753,https://openalex.org/P4310320000,Schattauer Verlag,Thieme Medical Publishers (Germany)
https://openalex.org/P4310312461,https://openalex.org/P4310312331,School of Communications and Arts of the University of São Paulo,University of São Paulo
https://openalex.org/P4310311649,https://openalex.org/P4310311730,"School of Oriental and African Studies, University of London",University of London
https://openalex.org/P4310321726,https://openalex.org/P4310320466,SciTechnol,OMICS Publishing Group
https://openalex.org/P4310312755,https://openalex.org/P4310320535,Siberian Branch of the Russian Academy of Sciences,Russian Academy of Sciences
https://openalex.org/P4310319985,https://openalex.org/P4310319965,Spektrum-Verlag,Springer Nature
https://openalex.org/P4310319842,https://openalex.org/P4310319965,Springer Gabler,Springer Nature
https://openalex.org/P4310319972,https://openalex.org/P4310319965,Springer International Publishing,Springer Nature
https://openalex.org/P4310320090,https://openalex.org/P4310319965,Springer Medizin,Springer Nature
https://openalex.org/P4310320108,https://openalex.org/P4310319965,Springer Nature (Netherlands),Springer Nature
https://openalex.org/P4310319900,https://openalex.org/P4310319965,Springer Science+Business Media,Springer Nature
https://openalex.org/P4310321666,https://openalex.org/P4310319965,Springer Vienna,Springer Nature
https://openalex.org/P4310319986,https://openalex.org/P4310319965,Springer VS,Springer Nature
https://openalex.org/P4310314168,https://openalex.org/P4310314171,Technology Centre Prague,Czech Academy of Sciences
https://openalex.org/P4310316106,https://openalex.org/P4310316177,UC Berkeley School of Law,University of California
https://openalex.org/P4310316407,https://openalex.org/P4310316177,UCLA Department of Applied Linguistics,University of California
https://openalex.org/P4310315794,https://openalex.org/P4310316177,UCLA Department of Urban Planning,University of California
https://openalex.org/P4310315942,https://openalex.org/P4310316177,UCLA James S. Coleman African Studies Center,University of California
https://openalex.org/P4310316161,https://openalex.org/P4310316177,UCLA School of Law,University of California
https://openalex.org/P4310311059,https://openalex.org/P4310321776,UNESCO,United Nations
https://openalex.org/P4310314114,https://openalex.org/P4310314126,Universitetsforlaget,Aschehoug
https://openalex.org/P4310315392,https://openalex.org/P4310315389,University College Cork,National University of Ireland
https://openalex.org/P4310315388,https://openalex.org/P4310315389,University College Dublin,National University of Ireland
https://openalex.org/P4310311798,https://openalex.org/P4310311730,University College London,University of London
https://openalex.org/P4310316178,https://openalex.org/P4310316177,"University of California, Agriculture and Natural Resources",University of California
https://openalex.org/P4310316198,https://openalex.org/P4310316177,"University of California, Berkeley",University of California
https://openalex.org/P4310315571,https://openalex.org/P4310316177,"University of California, Davis",University of California
https://openalex.org/P4310315575,https://openalex.org/P4310316177,"University of California, Irvine",University of California
https://openalex.org/P4310315789,https://openalex.org/P4310316177,"University of California, Los Angeles",University of California
https://openalex.org/P4310315693,https://openalex.org/P4310316177,University of California Press,University of California
https://openalex.org/P4310316229,https://openalex.org/P4310316177,"University of California, San Francisco",University of California
https://openalex.org/P4310315672,https://openalex.org/P4310315690,University of Chicago Press,University of Chicago
https://openalex.org/P4310316710,https://openalex.org/P4310315742,University of Colorado Boulder,University of Colorado
https://openalex.org/P4310316787,https://openalex.org/P4310315742,"University of Colorado, Colorado Springs",University of Colorado
https://openalex.org/P4310315997,https://openalex.org/P4310315751,University of Georgia School of Law,University of Georgia
https://openalex.org/P4310315934,https://openalex.org/P4310316579,University of Michigan Law School,University of Michigan
https://openalex.org/P4310319947,https://openalex.org/P4310316230,University of Pennsylvania Press,University of Pennsylvania
https://openalex.org/P4310316159,https://openalex.org/P4310316937,University of Texas School of Law,University of Texas at Austin
https://openalex.org/P4310320517,https://openalex.org/P4310313000,University of Toronto Press,University of Toronto
https://openalex.org/P4310316826,https://openalex.org/P4310321323,University of Washington School of Law,University of Washington
https://openalex.org/P4310320014,https://openalex.org/P4310313990,Vandenhoeck & Ruprecht,De Gruyter Brill
https://openalex.org/P4310312935,https://openalex.org/P4310313000,Victoria University,University of Toronto
https://openalex.org/P4310321318,https://openalex.org/P4310315694,Washington College of Law,American University
https://openalex.org/P4310321151,https://openalex.org/P4310320595,WileyOpen,Wiley
https://openalex.org/P4310320253,https://openalex.org/P4310320595,Wiley-VCH,Wiley
https://openalex.org/P4310317351,https://openalex.org/P4310317485,Władysław Szafer Institute of Botany,Polish Academy of Sciences
https://openalex.org/P4310315860,https://openalex.org/P4310318547,Wolters Kluwer Health,Wolters Kluwer
https://openalex.org/P4310319663,https://openalex.org/P4310321776,World Health Organization,United Nations
