p_relation_id,child_name,child_id,child_unit,parent_name,parent_id,parent_unit,first_date,last_date
133,Academic Press,https://openalex.org/P4310319955,56,Elsevier BV,https://openalex.org/P4310320990,44,,
45,"Adis, Springer Healthcare",https://openalex.org/P4310320330,249,Springer Nature,https://openalex.org/P4310319965,220,2015-05-01,
30,AIP Publishing,https://openalex.org/P4310320061,58,American Institute of Physics,https://openalex.org/P4310320257,59,,
74,Allied Academies,https://openalex.org/P4310315810,0,OMICS Publishing Group,https://openalex.org/P4310320466,186,,
308,American Geophysical Union,https://openalex.org/P4310315809,97,Wiley,https://openalex.org/P4310320595,242,,
309,American Psychiatric Association,https://openalex.org/P4310316602,105,American Psychiatric Association,https://openalex.org/P4310316602,105,,
310,American Psychiatric Association Publishing,https://openalex.org/P4320800570,266,American Psychiatric Association,https://openalex.org/P4310316602,105,,
119,American Studies Institute,https://openalex.org/P4310319479,0,Seoul National University,https://openalex.org/P4310319466,12,,
162,Archeologický ústav (Československá akademie věd). Pobočka v Brně,https://openalex.org/P4310314288,0,Czech Academy of Sciences,https://openalex.org/P4310314171,133,,
52,Association of College and Research Libraries,https://openalex.org/P4310316146,0,American Library Association,https://openalex.org/P4310315903,99,,
48,Austrian Academy of Sciences Press,https://openalex.org/P4310319866,0,Austrian Academy of Sciences,https://openalex.org/P4310317906,247,,
240,BioMed Central,https://openalex.org/P4310320256,81,Springer Nature,https://openalex.org/P4310319965,220,2015-05-01,
340,BioMed Central,https://openalex.org/P4310320256,81,Springer Science+Business Media,https://openalex.org/P4310319900,79,2008-10-01,2015-04-30
156,Birkhäuser,https://openalex.org/P4310320186,0,Springer Science+Business Media,https://openalex.org/P4310319900,79,,
252,Böhlau Verlag,https://openalex.org/P4310321073,0,Vandenhoeck & Ruprecht,https://openalex.org/P4310320014,41,,
222,Bohn Stafleu van Loghum,https://openalex.org/P4310319919,0,Springer Science+Business Media,https://openalex.org/P4310319900,79,,
341,Brill,https://openalex.org/P4310320561,60,,,60,1683-05-17,2024-03-03
311,Brill,https://openalex.org/P4310320561,60,De Gruyter Brill,https://openalex.org/P4310313990,282,2024-03-24,
176,British Academy,https://openalex.org/P4310311688,0,Royal Society,https://openalex.org/P4310319787,202,,
154,Cell Press,https://openalex.org/P4310315673,63,Elsevier BV,https://openalex.org/P4310320990,44,,
269,Center for the Study of Language & Information,https://openalex.org/P4310316130,0,Stanford University,https://openalex.org/P4310316103,17,,
8,Chemical Abstracts Service,https://openalex.org/P4310320558,0,American Chemical Society,https://openalex.org/P4310320006,93,,
226,Churchill Livingstone,https://openalex.org/P4310321208,277,Elsevier BV,https://openalex.org/P4310320990,44,,
171,Co-Action Publishing,https://openalex.org/P4310317116,0,Taylor & Francis,https://openalex.org/P4310320547,223,,
242,Collegium Civitas,https://openalex.org/P4310317472,0,Polish Academy of Sciences,https://openalex.org/P4310317485,193,,
9,Columbia University Press,https://openalex.org/P4310316200,268,Columbia University,https://openalex.org/P4310316010,10,,
127,CRC Press,https://openalex.org/P4310320584,0,Taylor & Francis,https://openalex.org/P4310320547,223,,
322,"Cureus, Inc.",https://openalex.org/P4310316779,132,Springer Nature,https://openalex.org/P4310319965,220,2023-01-01,
343,"Cureus, Inc.",https://openalex.org/P4310316779,132,,,132,2009-01-01,2022-12-31
7,Czech Botanical Society,https://openalex.org/P4310320098,0,Czech Academy of Sciences,https://openalex.org/P4310314171,133,,
342,De Gruyter,https://openalex.org/P4310313990,134,,,134,1919-01-01,2024-03-01
312,De Gruyter,https://openalex.org/P4310313990,134,De Gruyter Brill,https://openalex.org/P4310313990,282,2024-03-24,
100,De Gruyter Mouton,https://openalex.org/P4310321051,279,De Gruyter,https://openalex.org/P4310313990,134,1977-01-01,
157,De Gruyter Online,https://openalex.org/P4310314282,280,De Gruyter,https://openalex.org/P4310313990,134,,
152,De Gruyter Open,https://openalex.org/P4310320322,4,De Gruyter,https://openalex.org/P4310313990,134,2014-01-01,
51,Department of Biological Sciences,https://openalex.org/P4310312768,0,Academy of Sciences of the USSR,https://openalex.org/P4310321756,35,,
297,Dover Medical Press,https://openalex.org/P4310320348,0,Taylor & Francis,https://openalex.org/P4310320547,223,2017-01-01,
267,Duke University Press,https://openalex.org/P4310315698,262,Duke University,https://openalex.org/P4310315572,28,,
46,Dumbarton Oaks,https://openalex.org/P4310316275,0,Harvard University,https://openalex.org/P4310316284,11,,
344,EDP Sciences,https://openalex.org/P4310319748,137,,,137,1999-01-01,2018-12-31
324,EDP Sciences,https://openalex.org/P4310319748,137,Science Press,https://openalex.org/P4310319982,211,2019-01-01,
325,EMS Press,,141,European Mathematical Society,https://openalex.org/P4310316982,143,,
313,"eScholarship Publishing, University of California",https://openalex.org/P4310320339,265,University of California,https://openalex.org/P4310316177,22,,
181,"Faculty of Arts, Charles University in Prague",https://openalex.org/P4310314232,0,Charles University,https://openalex.org/P4310314207,16,,
207,Faculty of Law – University of Ljubljana,https://openalex.org/P4310314498,0,University of Ljubljana,https://openalex.org/P4310314477,33,,
199,Faculty of Theology – University of Ljubljana,https://openalex.org/P4310314526,0,University of Ljubljana,https://openalex.org/P4310314477,33,,
159,Federal Center of Theoretical and Applied Sociology of the Russian Academy of Sciences,https://openalex.org/P4310312666,208,Russian Academy of Sciences,https://openalex.org/P4310320535,208,,
142,"First Faculty of Medicine, Charles University",https://openalex.org/P4310314351,0,Charles University,https://openalex.org/P4310314207,16,,
301,Fordham University Press,,52,Fordham University,,53,,
306,Frontiers in Bioscience,https://openalex.org/P4310320848,147,IMR Press,https://openalex.org/P4310322753,283,,
246,Georg Thieme Verlag,https://openalex.org/P4310321135,252,Thieme Medical Publishers (Germany),https://openalex.org/P4310320000,227,,
10,Gorky Institute of World Literature,https://openalex.org/P4310312632,0,Russian Academy of Sciences,https://openalex.org/P4310320535,208,,
38,Harvard Law School,https://openalex.org/P4310320295,0,Harvard University,https://openalex.org/P4310316284,11,,
302,Harvard University Press,https://openalex.org/P4310315711,65,Harvard University,https://openalex.org/P4310316284,11,1913-01-01,
224,Heldref Publications,https://openalex.org/P4310320374,0,Taylor & Francis,https://openalex.org/P4310320547,223,,
314,Hindawi Publishing Corporation,https://openalex.org/P4310319869,153,Wiley,https://openalex.org/P4310320595,242,2021-01-01,
345,Hindawi Publishing Corporation,https://openalex.org/P4310319869,153,,,153,1997-01-01,2020-12-31
78,Hoover Institution,https://openalex.org/P4310316866,0,Stanford University,https://openalex.org/P4310316103,17,,
112,IEEE Antennas & Propagation Society,https://openalex.org/P4310320753,0,Institute of Electrical and Electronics Engineers,https://openalex.org/P4310319808,159,,
111,IEEE Communications Society,https://openalex.org/P4310316002,0,Institute of Electrical and Electronics Engineers,https://openalex.org/P4310319808,159,,
170,IEEE Computer Society,https://openalex.org/P4310320439,0,Institute of Electrical and Electronics Engineers,https://openalex.org/P4310319808,159,,
315,IEEE Council on Superconductivity,https://openalex.org/P4310321340,82,Institute of Electrical and Electronics Engineers,https://openalex.org/P4310319808,159,,
66,IEEE Education Society,https://openalex.org/P4310322189,0,Institute of Electrical and Electronics Engineers,https://openalex.org/P4310319808,159,,
195,IEEE Engineering in Medicine and Biology Society,https://openalex.org/P4310322504,0,Institute of Electrical and Electronics Engineers,https://openalex.org/P4310319808,159,,
243,IEEE Magnetics Society,https://openalex.org/P4310320755,0,Institute of Electrical and Electronics Engineers,https://openalex.org/P4310319808,159,,
219,IEEE Photonics Society,https://openalex.org/P4310322178,84,Institute of Electrical and Electronics Engineers,https://openalex.org/P4310319808,159,,
31,IEEE Power & Energy Society,https://openalex.org/P4310322244,0,Institute of Electrical and Electronics Engineers,https://openalex.org/P4310319808,159,,
206,IEEE Sensors Council,https://openalex.org/P4310321027,0,Institute of Electrical and Electronics Engineers,https://openalex.org/P4310319808,159,,
129,Ilmin International Relations Institute,https://openalex.org/P4310319510,0,Korea University,https://openalex.org/P4310319515,8,,
204,Indiana University Bloomington,https://openalex.org/P4310315935,0,Indiana University,https://openalex.org/P4310315561,14,,
317,Indiana University Press,https://openalex.org/P4310319732,270,Indiana University,https://openalex.org/P4310315561,14,,
86,Indiana University – Purdue University Indianapolis,https://openalex.org/P4310316241,0,Indiana University,https://openalex.org/P4310315561,14,,
255,Institute for Condensed Matter Physics of NAS of Ukraine,https://openalex.org/P4310322216,0,National Academy of Sciences of Ukraine,https://openalex.org/P4310321802,181,,
249,"Institute for Russian, East European and Eurasian Studies",https://openalex.org/P4310322609,0,Seoul National University,https://openalex.org/P4310319466,12,,
73,Institute of Archaeology of the Czech Academy of Sciences,https://openalex.org/P4310314410,0,Czech Academy of Sciences,https://openalex.org/P4310314171,133,,
6,Institute of Archeology and Ethnology of the Polish Academy of Sciences,https://openalex.org/P4310317278,0,Polish Academy of Sciences,https://openalex.org/P4310317485,193,,
185,Institute of Arctic and Alpine Research,https://openalex.org/P4310316321,0,University of Colorado Boulder,https://openalex.org/P4310316710,32,,
120,Institute of Art History of the Czech Academy of Sciences,https://openalex.org/P4310314347,0,Czech Academy of Sciences,https://openalex.org/P4310314171,133,,
138,Institute of Art of the Polish Academy of Sciences,https://openalex.org/P4310317414,0,Polish Academy of Sciences,https://openalex.org/P4310317485,193,,
126,Institute of Contemporary History of the Czech Academy of Sciences,https://openalex.org/P4310314349,0,Czech Academy of Sciences,https://openalex.org/P4310314171,133,,
80,"Institute of Czech Literature, Czech Academy of Sciences",https://openalex.org/P4310314425,0,Czech Academy of Sciences,https://openalex.org/P4310314171,133,,
56,Institute of Entomology,https://openalex.org/P4310314203,0,Czech Academy of Sciences,https://openalex.org/P4310314171,133,,
217,"Institute of Ethnology, Czech Academy of Sciences",https://openalex.org/P4310314208,0,Czech Academy of Sciences,https://openalex.org/P4310314171,133,,
59,Institute of Experimental Botany of the Czech Academy of Sciences,https://openalex.org/P4310314217,0,Czech Academy of Sciences,https://openalex.org/P4310314171,133,,
130,Institute of History,https://openalex.org/P4310317331,0,Polish Academy of Sciences,https://openalex.org/P4310317485,193,,
263,"Institute of History, Czech Academy of Sciences",https://openalex.org/P4310314215,0,Czech Academy of Sciences,https://openalex.org/P4310314171,133,,
235,Institute of Information Theory and Automation of the Czech Academy of Sciences,https://openalex.org/P4310314340,0,Czech Academy of Sciences,https://openalex.org/P4310314171,133,,
165,"Institute of Mathematics and Statistics, University of São Paulo",https://openalex.org/P4310311977,0,University of São Paulo,https://openalex.org/P4310312331,231,,
214,Institute of Mathematics of the Czech Academy of Sciences,https://openalex.org/P4310322158,0,Czech Academy of Sciences,https://openalex.org/P4310314171,133,,
215,Institute of Mathematics of the National Academy of Sciences of Ukraine,https://openalex.org/P4310322009,0,National Academy of Sciences of Ukraine,https://openalex.org/P4310321802,181,,
85,Institute of Molecular Biology and Genetics of NASU,https://openalex.org/P4310322512,0,National Academy of Sciences of Ukraine,https://openalex.org/P4310321802,181,,
134,"Institute of Nature Conservation, Polish Academy of Sciences",https://openalex.org/P4310317262,0,Polish Academy of Sciences,https://openalex.org/P4310317485,193,,
233,Institute of Paleobiology,https://openalex.org/P4310317382,0,Polish Academy of Sciences,https://openalex.org/P4310317485,193,,
173,Institute of Parasitology of the Czech Academy of Sciences,https://openalex.org/P4310314179,0,Czech Academy of Sciences,https://openalex.org/P4310314171,133,,
260,Institute of Philosophy and Sociology of the Polish Academy of Sciences,https://openalex.org/P4310317267,0,Polish Academy of Sciences,https://openalex.org/P4310317485,193,,
244,"Institute of Philosophy, Czech Academy of Sciences",https://openalex.org/P4310314380,0,Czech Academy of Sciences,https://openalex.org/P4310314171,133,,
83,Institute of Physiology of the Czech Academy of Sciences,https://openalex.org/P4310314155,0,Czech Academy of Sciences,https://openalex.org/P4310314171,133,,
147,Institute of Rock Structure and Mechanics,https://openalex.org/P4310314336,0,Czech Academy of Sciences,https://openalex.org/P4310314171,133,,
271,Institute of Slavic Studies,https://openalex.org/P4310317433,0,Polish Academy of Sciences,https://openalex.org/P4310317485,193,,
94,Institute of Slavonic Studies of the Academy of Sciences of the Czech Republic,https://openalex.org/P4310314301,0,Czech Academy of Sciences,https://openalex.org/P4310314171,133,,
177,Institute of Sociology,https://openalex.org/P4310320060,0,Czech Academy of Sciences,https://openalex.org/P4310314171,133,,
60,Institute of Sociology,https://openalex.org/P4310312601,0,Federal Center of Theoretical and Applied Sociology of the Russian Academy of Sciences,https://openalex.org/P4310312667,208,,
193,"Institute of Systematics and Evolution of Animals, Polish Academy of Sciences",https://openalex.org/P4310317334,0,Polish Academy of Sciences,https://openalex.org/P4310317485,193,,
250,Institute of the Czech Language,https://openalex.org/P4310314297,0,Czech Academy of Sciences,https://openalex.org/P4310314171,133,,
167,Institute of the Polish Language,https://openalex.org/P4310320653,0,Polish Academy of Sciences,https://openalex.org/P4310317485,193,,
93,Institute of Vertebrate Biology,https://openalex.org/P4310314228,0,Czech Academy of Sciences,https://openalex.org/P4310314171,133,,
92,International Institute of Political Science of Masaryk University,https://openalex.org/P4310319775,0,Masaryk University,https://openalex.org/P4310314295,175,,
192,International Monetary Fund,https://openalex.org/P4310316166,0,United Nations,https://openalex.org/P4310321776,289,,
316,International Union of Crystallography,https://openalex.org/P4310320555,163,Wiley,https://openalex.org/P4310320595,242,,
132,Ioffe Institute,https://openalex.org/P4310321811,0,Academy of Sciences of the USSR,https://openalex.org/P4310321756,35,,
268,IOP Publishing,https://openalex.org/P4310320083,251,Institute of Physics,https://openalex.org/P4310311669,161,,
326,IOS Press,https://openalex.org/P4310318577,164,SAGE Publishing,https://openalex.org/P4310320017,210,2023-01-01,
336,IOS Press,https://openalex.org/P4310318577,164,,,164,1987-01-01,2022-12-31
225,J.B. Metzler,https://openalex.org/P4310319879,0,Springer Nature,https://openalex.org/P4310319965,220,2015-05-01,
153,John F. Kennedy School of Government,https://openalex.org/P4310321322,0,Harvard University,https://openalex.org/P4310316284,11,,
200,Johns Hopkins University Press,https://openalex.org/P4310315678,70,Johns Hopkins University,https://openalex.org/P4310316510,18,,
124,Kielanowski Institute of Animal Physiology and Nutrition,https://openalex.org/P4310317420,0,Polish Academy of Sciences,https://openalex.org/P4310317485,193,,
146,King's College London,https://openalex.org/P4310311857,0,University of London,https://openalex.org/P4310311730,27,,
274,Lebedev Physical Institute,https://openalex.org/P4310321277,0,Academy of Sciences of the USSR,https://openalex.org/P4310321756,35,,
128,Library of the Czech Academy of Sciences,https://openalex.org/P4310314437,0,Czech Academy of Sciences,https://openalex.org/P4310314171,133,,
189,Lippincott Williams & Wilkins,https://openalex.org/P4310315671,83,Wolters Kluwer,https://openalex.org/P4310318547,243,,
172,"Ljubljana University Press, Faculty of Arts",https://openalex.org/P4310314509,0,University of Ljubljana,https://openalex.org/P4310314477,33,,
270,MAIK Nauka/Interperiodica,https://openalex.org/P4310319820,0,Pleiades Publishing,https://openalex.org/P4310320267,192,,
55,Mary Lou Fulton Teachers College,https://openalex.org/P4310315688,0,Arizona State University,https://openalex.org/P4310316012,13,,
155,Masaryk Institute and Archive,https://openalex.org/P4310320047,0,Czech Academy of Sciences,https://openalex.org/P4310314171,133,,
196,Masaryk University Faculty of Science,https://openalex.org/P4310314144,0,Masaryk University,https://openalex.org/P4310314295,175,,
47,Max Planck Institute for Demographic Research,https://openalex.org/P4310313747,0,Max Planck Society,https://openalex.org/P4310313913,7,,
87,Max Planck Institute for Legal History and Legal Theory,https://openalex.org/P4310313864,0,Max Planck Society,https://openalex.org/P4310313913,7,,
230,Medknow,https://openalex.org/P4310320448,179,Wolters Kluwer,https://openalex.org/P4310318547,243,,
76,Michigan State University College of Law,https://openalex.org/P4310316856,0,Michigan State University,https://openalex.org/P4310316364,9,,
327,Michigan State University Press,https://openalex.org/P4310315741,264,Michigan State University,,9,,
318,Michigan State University Press,https://openalex.org/P4310315741,264,Michigan State University,https://openalex.org/P4310316364,9,,
41,Museum and Institute of Zoology,https://openalex.org/P4310317502,0,Polish Academy of Sciences,https://openalex.org/P4310317485,193,,
39,Museum of Comparative Zoology,https://openalex.org/P4310316030,0,Harvard University,https://openalex.org/P4310316284,11,,
71,Museum of Zoology of the University of São Paulo,https://openalex.org/P4310312546,0,University of São Paulo,https://openalex.org/P4310312331,231,,
227,MVS Medizinverlage Stuttgart,https://openalex.org/P4310319922,0,Thieme Medical Publishers (Germany),https://openalex.org/P4310320000,227,,
97,National Institute of Environmental Health Sciences,https://openalex.org/P4310319799,0,National Institutes of Health,https://openalex.org/P4310316754,36,,
123,National Institute on Alcohol Abuse and Alcoholism,https://openalex.org/P4310315807,0,National Institutes of Health,https://openalex.org/P4310316754,36,,
337,Nature Portfolio,https://openalex.org/P4310319908,182,Macmillan Publishers,https://openalex.org/P4310319964,38,1999-01-01,2015-04-30
216,Nature Portfolio,https://openalex.org/P4310319908,182,Springer Nature,https://openalex.org/P4310319965,220,2015-05-01,
346,Nature Publishing Group,https://openalex.org/P4366736682,182,Macmillan Publishers,https://openalex.org/P4310319964,38,1999-01-01,2015-04-30
330,Nature Publishing Group,https://openalex.org/P4366736682,182,Springer Nature,https://openalex.org/P4310319965,220,2015-05-01,
169,Nauka,https://openalex.org/P4310320007,0,Russian Academy of Sciences,https://openalex.org/P4310320535,208,,
1,Nencki Institute of Experimental Biology,https://openalex.org/P4310317444,0,Polish Academy of Sciences,https://openalex.org/P4310317485,193,,
299,New York University Press,,43,New York University,https://openalex.org/P4310315946,19,,
118,New York University School of Law,https://openalex.org/P4310316021,0,New York University,https://openalex.org/P4310315946,19,,
328,Nomos,https://openalex.org/P4310319939,256,C.H. Beck,https://openalex.org/P4310320552,285,2002-01-01,
329,Nomos Verlagsgesellschaft mbH and Co,https://openalex.org/P4323430492,256,C.H. Beck,https://openalex.org/P4310320552,285,2002-01-01,
2,"Oriental Institute, ASCR",https://openalex.org/P4310314309,0,Czech Academy of Sciences,https://openalex.org/P4310314171,133,,
99,Palgrave Macmillan,https://openalex.org/P4310319702,190,Macmillan Publishers,https://openalex.org/P4310319964,38,2000-01-01,2014-04-30
22,Palgrave Macmillan,https://openalex.org/P4310319703,190,Springer Nature,https://openalex.org/P4310319965,220,2015-05-01,
18,Pan American Health Organization,https://openalex.org/P4310316868,0,World Health Organization,https://openalex.org/P4310319664,241,,
24,Pleiades Publishing,https://openalex.org/P4310320267,192,Springer Nature,https://openalex.org/P4310319965,220,2015-05-01,
298,Policy Press,https://openalex.org/P4310320460,42,Bristol University Press,,128,1996-01-01,
57,Portland Press,https://openalex.org/P4310311608,194,Biochemical Society,https://openalex.org/P4310311715,288,,
43,Princeton School of Public and International Affairs,https://openalex.org/P4310315874,0,Princeton University,https://openalex.org/P4310316273,20,,
237,Protestant Theological Faculty – Charles University,https://openalex.org/P4310314315,0,Charles University,https://openalex.org/P4310314207,16,,
164,Pulsus Group,https://openalex.org/P4310313016,0,OMICS Publishing Group,https://openalex.org/P4310320466,186,,
332,Rombach Wissenschaft,,0,Rombach Verlag,,286,,2019-12-31
331,Rombach Wissenschaft,,0,Nomos,https://openalex.org/P4310319939,256,2020-01-01,
319,Routledge,https://openalex.org/P4310319847,200,Taylor & Francis,https://openalex.org/P4310320547,223,,
96,Saunders,https://openalex.org/P4310320479,276,Elsevier BV,https://openalex.org/P4310320990,44,,
108,Schattauer Verlag,https://openalex.org/P4310313753,0,Thieme Medical Publishers (Germany),https://openalex.org/P4310320000,227,,
273,School of Communications and Arts of the University of São Paulo,https://openalex.org/P4310312461,0,University of São Paulo,https://openalex.org/P4310312331,231,,
136,"School of Oriental and African Studies, University of London",https://openalex.org/P4310311649,0,University of London,https://openalex.org/P4310311730,27,,
84,SciTechnol,https://openalex.org/P4310321726,0,OMICS Publishing Group,https://openalex.org/P4310320466,186,,
241,Siberian Branch of the Russian Academy of Sciences,https://openalex.org/P4310312755,0,Russian Academy of Sciences,https://openalex.org/P4310320535,208,,
44,Spektrum-Verlag,https://openalex.org/P4310319985,278,Springer Nature,https://openalex.org/P4310319965,220,2015-05-01,
334,Springer Gabler,https://openalex.org/P4310319842,287,Springer Science+Business Media,https://openalex.org/P4310319900,79,,
50,Springer International Publishing,https://openalex.org/P4310319972,250,Springer Nature,https://openalex.org/P4310319965,220,2015-05-01,
149,Springer Medizin,https://openalex.org/P4310320090,80,Springer Nature,https://openalex.org/P4310319965,220,2015-05-01,
28,Springer Nature (Netherlands),https://openalex.org/P4310320108,263,Springer Nature,https://openalex.org/P4310319965,220,2015-05-01,
333,Springer Nature (Netherlands),https://openalex.org/P4310320108,263,Springer Science+Business Media,https://openalex.org/P4310319900,79,,2014-12-31
14,Springer Science+Business Media,https://openalex.org/P4310319900,79,Springer Nature,https://openalex.org/P4310319965,220,2015-05-01,
190,Springer Vienna,https://openalex.org/P4310321666,0,Springer Nature,https://openalex.org/P4310319965,220,2015-05-01,
218,Springer VS,https://openalex.org/P4310319986,275,Springer Nature,https://openalex.org/P4310319965,220,2015-05-01,
114,Technology Centre Prague,https://openalex.org/P4310314168,0,Czech Academy of Sciences,https://openalex.org/P4310314171,133,,
184,UC Berkeley School of Law,https://openalex.org/P4310316106,0,"University of California, Berkeley",https://openalex.org/P4310316198,29,,
90,UCLA Department of Applied Linguistics,https://openalex.org/P4310316407,0,"University of California, Los Angeles",https://openalex.org/P4310315789,30,,
37,UCLA Department of Urban Planning,https://openalex.org/P4310315794,0,"University of California, Los Angeles",https://openalex.org/P4310315789,30,,
261,UCLA James S. Coleman African Studies Center,https://openalex.org/P4310315942,0,"University of California, Los Angeles",https://openalex.org/P4310315789,30,,
238,UCLA School of Law,https://openalex.org/P4310316161,0,"University of California, Los Angeles",https://openalex.org/P4310315789,30,,
187,UNESCO,https://openalex.org/P4310311059,290,United Nations,https://openalex.org/P4310321776,289,,
109,Universitetsforlaget,https://openalex.org/P4310314114,232,Aschehoug,https://openalex.org/P4310314126,274,,
131,University College Cork,https://openalex.org/P4310315392,0,National University of Ireland,https://openalex.org/P4310315389,37,,
5,University College Dublin,https://openalex.org/P4310315388,0,National University of Ireland,https://openalex.org/P4310315389,37,,
254,University College London,https://openalex.org/P4310311798,0,University of London,https://openalex.org/P4310311730,27,,
321,University Library Johann Christian Senckenberg,https://openalex.org/P4310322727,240,Goethe University Frankfurt,,284,,
212,"University of California, Agriculture and Natural Resources",https://openalex.org/P4310316178,0,University of California,https://openalex.org/P4310316177,22,,
166,"University of California, Berkeley",https://openalex.org/P4310316198,29,University of California,https://openalex.org/P4310316177,22,,
77,"University of California, Davis",https://openalex.org/P4310315571,0,University of California,https://openalex.org/P4310316177,22,,
234,"University of California, Irvine",https://openalex.org/P4310315575,0,University of California,https://openalex.org/P4310316177,22,,
29,"University of California, Los Angeles",https://openalex.org/P4310315789,30,University of California,https://openalex.org/P4310316177,22,,
320,University of California Press,https://openalex.org/P4310315693,255,University of California,https://openalex.org/P4310316177,22,,
58,"University of California, San Francisco",https://openalex.org/P4310316229,0,University of California,https://openalex.org/P4310316177,22,,
116,University of Chicago Press,https://openalex.org/P4310315672,234,University of Chicago,https://openalex.org/P4310315690,233,,
168,University of Colorado Boulder,https://openalex.org/P4310316710,32,University of Colorado,https://openalex.org/P4310315742,31,,
81,"University of Colorado, Colorado Springs",https://openalex.org/P4310316787,0,University of Colorado,https://openalex.org/P4310315742,31,,
210,University of Georgia School of Law,https://openalex.org/P4310315997,0,University of Georgia,https://openalex.org/P4310315751,25,,
144,University of Michigan Law School,https://openalex.org/P4310315934,0,University of Michigan,https://openalex.org/P4310316579,34,,
103,University of Pennsylvania Press,https://openalex.org/P4310319947,271,University of Pennsylvania,https://openalex.org/P4310316230,26,,
101,University of Texas School of Law,https://openalex.org/P4310316159,0,University of Texas at Austin,https://openalex.org/P4310316937,21,,
115,University of Toronto Press,https://openalex.org/P4310320517,51,University of Toronto,https://openalex.org/P4310313000,23,,
40,University of Washington School of Law,https://openalex.org/P4310316826,0,University of Washington,https://openalex.org/P4310321323,24,,
105,Vandenhoeck & Ruprecht,https://openalex.org/P4310320014,41,Brill,https://openalex.org/P4310320561,60,,
75,Victoria University,https://openalex.org/P4310312935,0,University of Toronto,https://openalex.org/P4310313000,23,,
151,Washington College of Law,https://openalex.org/P4310321318,0,American University,https://openalex.org/P4310315694,15,,
304,WileyOpen,https://openalex.org/P4310321151,78,Wiley,https://openalex.org/P4310320595,242,,
305,Wiley-VCH,https://openalex.org/P4310320253,281,Wiley,https://openalex.org/P4310320595,242,,
223,Władysław Szafer Institute of Botany,https://openalex.org/P4310317351,0,Polish Academy of Sciences,https://openalex.org/P4310317485,193,,
307,Wolters Kluwer Health,https://openalex.org/P4310315860,261,Wolters Kluwer,https://openalex.org/P4310318547,243,,
4,World Health Organization,https://openalex.org/P4310319663,241,United Nations,https://openalex.org/P4310321776,289,,
